"fp_nonacademic","fp_academic","np","business_model","is_academic","n_journals"
0.386809708612693,0.198820144940673,0.414370146446634,"NP",TRUE,82
0.376249219219532,0.384309599261399,0.239441181519069,"FP",TRUE,82
0.504789153786693,0.210189048345774,0.285021797867534,"FP",FALSE,106
